<configuration>

	<appender name="STDOUT" 	class="ch.qos.logback.core.ConsoleAppender">
		<encoder>
			<pattern>%d{HH:mm:ss.SSS} [%thread] %-5level %logger{36} - %msg%n
			</pattern>
		</encoder>
	</appender>
	
	<appender name="FILE" class="ch.qos.logback.core.FileAppender">
		<file>app.log</file>
		<encoder>
			<pattern>%date %level [%thread] %logger{10} [%file:%line] %msg%n
			</pattern>
		</encoder>
	</appender>
	
	<root level="INFO">
		<appender-ref ref="STDOUT" />
		<appender-ref ref="FILE" />
	</root>
	
	<logger name="kr.ac.hansung.cse" level="DEBUG" >
	</logger>
	
</configuration>